System Time,RDTSC,Elapsed Time (sec), CPU Utilization(%),CPU Frequency_0(MHz),Processor Power_0(Watt),Cumulative Processor Energy_0(Joules),Cumulative Processor Energy_0(mWh),IA Power_0(Watt),Cumulative IA Energy_0(Joules),Cumulative IA Energy_0(mWh),Package Temperature_0(C),Package Hot_0,DRAM Power_0(Watt),Cumulative DRAM Energy_0(Joules),Cumulative DRAM Energy_0(mWh),Package PL1_0(Watt),Package PL2_0(Watt),Package PL4_0(Watt),Platform PsysPL1_0(Watt),Platform PsysPL2_0(Watt)
14:41:06:325, 702768357931492,    0.108,   36.000, 4300,  32.298,   3.486,   0.968,  30.056,   3.244,   0.901, 57,  0,   1.443,   0.156,   0.043, 255.000, 255.000,   0.000,   0.000,   0.000
14:41:06:437, 702768771753706,    0.220,   33.000, 4300,  33.080,   7.190,   1.997,  30.813,   6.694,   1.859, 51,  0,   1.433,   0.316,   0.088, 255.000, 255.000,   0.000,   0.000,   0.000
14:41:06:541, 702769158635871,    0.325,   35.000, 4400,  27.311,  10.048,   2.791,  25.095,   9.321,   2.589, 56,  0,   1.258,   0.448,   0.124, 255.000, 255.000,   0.000,   0.000,   0.000
14:41:06:643, 702769533209013,    0.426,   24.000, 4300,  28.146,  12.901,   3.584,  26.104,  11.966,   3.324, 52,  0,   1.243,   0.574,   0.159, 255.000, 255.000,   0.000,   0.000,   0.000
14:41:06:751, 702769934336572,    0.534,   24.000, 4300,  28.622,  16.007,   4.446,  26.263,  14.817,   4.116, 52,  0,   1.256,   0.710,   0.197, 255.000, 255.000,   0.000,   0.000,   0.000
14:41:06:862, 702770344095711,    0.645,   24.000, 4400,  28.961,  19.218,   5.338,  27.036,  17.814,   4.948, 50,  0,   1.227,   0.846,   0.235, 255.000, 255.000,   0.000,   0.000,   0.000
14:41:06:972, 702770750841850,    0.755,   25.000, 4300,  29.710,  22.488,   6.247,  27.523,  20.843,   5.790, 54,  0,   1.235,   0.982,   0.273, 255.000, 255.000,   0.000,   0.000,   0.000
14:41:07:082, 702771155367776,    0.865,   30.000, 4300,  29.104,  25.673,   7.131,  26.799,  23.776,   6.604, 52,  0,   1.263,   1.120,   0.311, 255.000, 255.000,   0.000,   0.000,   0.000
14:41:07:189, 702771553791942,    0.973,   23.000, 4300,  28.951,  28.794,   7.998,  26.716,  26.656,   7.404, 51,  0,   1.258,   1.256,   0.349, 255.000, 255.000,   0.000,   0.000,   0.000
14:41:07:299, 702771960049569,    1.083,   26.000, 4300,  29.757,  32.065,   8.907,  27.582,  29.688,   8.247, 55,  0,   1.305,   1.399,   0.389, 255.000, 255.000,   0.000,   0.000,   0.000
14:41:07:408, 702772361400456,    1.191,   25.000, 4300,  29.779,  35.299,   9.805,  27.710,  32.697,   9.082, 53,  0,   1.267,   1.537,   0.427, 255.000, 255.000,   0.000,   0.000,   0.000
14:41:07:531, 702772816460144,    1.314,   22.000, 4400,  28.274,  38.780,  10.772,  26.167,  35.918,   9.977, 52,  0,   1.230,   1.688,   0.469, 255.000, 255.000,   0.000,   0.000,   0.000
14:41:07:626, 702773169200043,    1.410,   34.000, 4400,  29.941,  41.637,  11.566,  27.588,  38.551,  10.709, 53,  0,   1.307,   1.813,   0.504, 255.000, 255.000,   0.000,   0.000,   0.000
14:41:07:750, 702773625085414,    1.533,   24.000, 4300,  28.476,  45.150,  12.542,  26.359,  41.803,  11.612, 54,  0,   1.265,   1.969,   0.547, 255.000, 255.000,   0.000,   0.000,   0.000
14:41:07:859, 702774029073592,    1.642,   22.000, 4300,  27.901,  48.199,  13.389,  25.804,  44.623,  12.395, 53,  0,   1.235,   2.104,   0.584, 255.000, 255.000,   0.000,   0.000,   0.000
14:41:07:954, 702774381608547,    1.738,   22.000, 4400,  28.154,  50.885,  14.135,  25.836,  47.087,  13.080, 51,  0,   1.244,   2.223,   0.617, 255.000, 255.000,   0.000,   0.000,   0.000
14:41:08:078, 702774839038441,    1.861,   22.000, 4300,  28.711,  54.438,  15.122,  26.461,  50.362,  13.990, 53,  0,   1.250,   2.377,   0.660, 255.000, 255.000,   0.000,   0.000,   0.000
14:41:08:187, 702775239183935,    1.970,   24.000, 4300,  29.044,  57.582,  15.995,  26.944,  53.279,  14.800, 54,  0,   1.259,   2.514,   0.698, 255.000, 255.000,   0.000,   0.000,   0.000
14:41:08:282, 702775591958954,    2.065,   24.000, 4300,  28.800,  60.331,  16.759,  26.774,  55.835,  15.510, 52,  0,   1.308,   2.639,   0.733, 255.000, 255.000,   0.000,   0.000,   0.000
14:41:08:392, 702776000173706,    2.176,   21.000, 4300,  28.051,  63.430,  17.619,  25.718,  58.675,  16.299, 51,  0,   1.235,   2.775,   0.771, 255.000, 255.000,   0.000,   0.000,   0.000
14:41:08:517, 702776458902374,    2.300,   22.000, 4300,  28.089,  66.916,  18.588,  25.942,  61.895,  17.193, 50,  0,   1.232,   2.928,   0.813, 255.000, 255.000,   0.000,   0.000,   0.000
14:41:08:641, 702776918852660,    2.424,   28.000, 4300,  30.816,  70.751,  19.653,  28.793,  65.478,  18.188, 56,  0,   1.334,   3.094,   0.859, 255.000, 255.000,   0.000,   0.000,   0.000
14:41:08:735, 702777267970287,    2.519,   25.000, 4400,  30.289,  73.612,  20.448,  27.888,  68.112,  18.920, 53,  0,   1.336,   3.220,   0.895, 255.000, 255.000,   0.000,   0.000,   0.000
14:41:08:859, 702777723636389,    2.642,   21.000, 4300,  28.013,  77.065,  21.407,  25.882,  71.303,  19.806, 55,  0,   1.226,   3.371,   0.936, 255.000, 255.000,   0.000,   0.000,   0.000
14:41:08:967, 702778123339229,    2.750,   22.000, 4300,  28.402,  80.137,  22.260,  26.268,  74.144,  20.596, 50,  0,   1.251,   3.507,   0.974, 255.000, 255.000,   0.000,   0.000,   0.000
14:41:09:074, 702778519630950,    2.857,   23.000, 4300,  28.807,  83.226,  23.118,  26.692,  77.006,  21.391, 54,  0,   1.244,   3.640,   1.011, 255.000, 255.000,   0.000,   0.000,   0.000
14:41:09:182, 702778919648445,    2.966,   22.000, 4300,  28.207,  86.278,  23.966,  25.847,  79.803,  22.168, 54,  0,   1.262,   3.776,   1.049, 255.000, 255.000,   0.000,   0.000,   0.000
14:41:09:291, 702779322036360,    3.074,   25.000, 4300,  29.819,  89.525,  24.868,  27.594,  82.808,  23.002, 54,  0,   1.344,   3.923,   1.090, 255.000, 255.000,   0.000,   0.000,   0.000
14:41:09:400, 702779725673364,    3.184,   21.000, 4300,  27.878,  92.569,  25.714,  25.754,  85.620,  23.783, 55,  0,   1.233,   4.058,   1.127, 255.000, 255.000,   0.000,   0.000,   0.000
14:41:09:510, 702780128909452,    3.293,   27.000, 4300,  30.061,  95.849,  26.625,  27.931,  88.667,  24.630, 54,  0,   1.413,   4.212,   1.170, 255.000, 255.000,   0.000,   0.000,   0.000
14:41:09:619, 702780534866062,    3.403,   29.000, 4300,  31.240,  99.280,  27.578,  28.953,  91.848,  25.513, 54,  0,   1.434,   4.369,   1.214, 255.000, 255.000,   0.000,   0.000,   0.000
14:41:09:731, 702780947929189,    3.514,   46.000, 4400,  27.333, 102.335,  28.426,  25.420,  94.688,  26.302, 55,  0,   1.278,   4.512,   1.253, 255.000, 255.000,   0.000,   0.000,   0.000
14:41:09:837, 702781338308989,    3.620,   21.000, 4300,  27.883, 105.280,  29.244,  25.532,  97.385,  27.051, 52,  0,   1.244,   4.643,   1.290, 255.000, 255.000,   0.000,   0.000,   0.000
14:41:09:946, 702781742790734,    3.729,   22.000, 4300,  28.183, 108.364,  30.101,  26.085, 100.240,  27.844, 52,  0,   1.262,   4.781,   1.328, 255.000, 255.000,   0.000,   0.000,   0.000
14:41:10:056, 702782147752022,    3.839,   22.000, 4300,  28.539, 111.491,  30.970,  26.308, 103.122,  28.645, 52,  0,   1.241,   4.917,   1.366, 255.000, 255.000,   0.000,   0.000,   0.000
14:41:10:165, 702782549537893,    3.948,   22.000, 4300,  28.945, 114.638,  31.844,  26.670, 106.022,  29.450, 54,  0,   1.262,   5.055,   1.404, 255.000, 255.000,   0.000,   0.000,   0.000
14:41:10:274, 702782954032587,    4.057,   29.000, 4300,  28.524, 117.759,  32.711,  26.440, 108.915,  30.254, 53,  0,   1.292,   5.196,   1.443, 255.000, 255.000,   0.000,   0.000,   0.000
14:41:10:382, 702783355518442,    4.166,   21.000, 4400,  27.877, 120.788,  33.552,  25.655, 111.702,  31.028, 52,  0,   1.243,   5.331,   1.481, 255.000, 255.000,   0.000,   0.000,   0.000
14:41:10:492, 702783760501506,    4.275,   21.000, 4300,  27.972, 123.853,  34.404,  25.904, 114.540,  31.817, 51,  0,   1.240,   5.467,   1.519, 255.000, 255.000,   0.000,   0.000,   0.000
14:41:10:600, 702784159755483,    4.383,   22.000, 4300,  28.659, 126.949,  35.263,  26.507, 117.404,  32.612, 51,  0,   1.263,   5.603,   1.556, 255.000, 255.000,   0.000,   0.000,   0.000
14:41:10:710, 702784565313437,    4.493,   22.000, 4300,  28.472, 130.073,  36.131,  26.191, 120.278,  33.410, 56,  0,   1.250,   5.741,   1.595, 255.000, 255.000,   0.000,   0.000,   0.000
14:41:10:819, 702784968164599,    4.602,   29.000, 4300,  29.942, 133.336,  37.038,  27.762, 123.304,  34.251, 56,  0,   1.337,   5.886,   1.635, 255.000, 255.000,   0.000,   0.000,   0.000
14:41:10:928, 702785371918577,    4.711,   22.000, 4300,  28.647, 136.466,  37.907,  26.524, 126.201,  35.056, 54,  0,   1.309,   6.029,   1.675, 255.000, 255.000,   0.000,   0.000,   0.000
14:41:11:036, 702785770633745,    4.819,   23.000, 4300,  28.451, 139.535,  38.760,  26.299, 129.038,  35.844, 55,  0,   1.339,   6.174,   1.715, 255.000, 255.000,   0.000,   0.000,   0.000
14:41:11:143, 702786167089188,    4.926,   24.000, 4400,  29.253, 142.673,  39.631,  26.821, 131.915,  36.643, 54,  0,   1.360,   6.320,   1.755, 255.000, 255.000,   0.000,   0.000,   0.000
14:41:11:254, 702786578198014,    5.038,   23.000, 4300,  28.680, 145.863,  40.517,  26.556, 134.869,  37.464, 51,  0,   1.349,   6.470,   1.797, 255.000, 255.000,   0.000,   0.000,   0.000
14:41:11:363, 702786979087220,    5.146,   25.000, 4300,  29.340, 149.045,  41.401,  27.244, 137.824,  38.285, 53,  0,   1.361,   6.617,   1.838, 255.000, 255.000,   0.000,   0.000,   0.000
14:41:11:471, 702787379539622,    5.254,   24.000, 4400,  29.263, 152.216,  42.282,  26.926, 140.742,  39.095, 51,  0,   1.375,   6.766,   1.880, 255.000, 255.000,   0.000,   0.000,   0.000
14:41:11:579, 702787777451481,    5.362,   23.000, 4300,  28.641, 155.299,  43.139,  26.614, 143.607,  39.891, 51,  0,   1.349,   6.911,   1.920, 255.000, 255.000,   0.000,   0.000,   0.000
14:41:11:690, 702788186554083,    5.473,   23.000, 4400,  28.834, 158.491,  44.025,  26.618, 146.553,  40.709, 52,  0,   1.365,   7.063,   1.962, 255.000, 255.000,   0.000,   0.000,   0.000
14:41:11:802, 702788602504426,    5.585,   23.000, 4400,  28.604, 161.710,  44.919,  26.532, 149.539,  41.539, 52,  0,   1.348,   7.214,   2.004, 255.000, 255.000,   0.000,   0.000,   0.000
14:41:11:908, 702788994505870,    5.691,   25.000, 4300,  29.445, 164.833,  45.787,  27.006, 152.403,  42.334, 55,  0,   1.353,   7.358,   2.044, 255.000, 255.000,   0.000,   0.000,   0.000
14:41:12:018, 702789398566770,    5.801,   24.000, 4300,  28.957, 167.999,  46.666,  26.841, 155.338,  43.149, 54,  0,   1.370,   7.507,   2.085, 255.000, 255.000,   0.000,   0.000,   0.000
14:41:12:128, 702789807334595,    5.911,   24.000, 4300,  28.937, 171.199,  47.555,  26.978, 158.321,  43.978, 53,  0,   1.302,   7.651,   2.125, 255.000, 255.000,   0.000,   0.000,   0.000
14:41:12:237, 702790209804092,    6.020,   22.000, 4300,  28.471, 174.299,  48.416,  26.224, 161.177,  44.771, 56,  0,   1.284,   7.791,   2.164, 255.000, 255.000,   0.000,   0.000,   0.000
14:41:12:345, 702790609870557,    6.128,   21.000, 4300,  28.475, 177.381,  49.273,  26.049, 163.997,  45.555, 56,  0,   1.292,   7.931,   2.203, 255.000, 255.000,   0.000,   0.000,   0.000
14:41:12:463, 702791045223884,    6.246,   23.000, 4400,  28.476, 180.736,  50.204,  26.531, 167.122,  46.423, 53,  0,   1.269,   8.081,   2.245, 255.000, 255.000,   0.000,   0.000,   0.000
14:41:12:566, 702791424342347,    6.349,   22.000, 4400,  28.009, 183.609,  51.002,  25.678, 169.756,  47.154, 52,  0,   1.285,   8.212,   2.281, 255.000, 255.000,   0.000,   0.000,   0.000
14:41:12:685, 702791867706189,    6.469,   22.000, 4400,  28.106, 186.980,  51.939,  25.955, 172.869,  48.019, 55,  0,   1.254,   8.363,   2.323, 255.000, 255.000,   0.000,   0.000,   0.000
14:41:12:795, 702792271453763,    6.578,   23.000, 4300,  28.454, 190.089,  52.802,  26.336, 175.746,  48.818, 55,  0,   1.306,   8.505,   2.363, 255.000, 255.000,   0.000,   0.000,   0.000
14:41:12:903, 702792669884549,    6.686,   22.000, 4300,  28.245, 193.133,  53.648,  25.994, 178.548,  49.597, 54,  0,   1.283,   8.644,   2.401, 255.000, 255.000,   0.000,   0.000,   0.000
14:41:13:012, 702793073523337,    6.795,   23.000, 4300,  28.922, 196.292,  54.526,  26.783, 181.473,  50.409, 54,  0,   1.319,   8.788,   2.441, 255.000, 255.000,   0.000,   0.000,   0.000
14:41:13:122, 702793479667219,    6.905,   22.000, 4300,  28.519, 199.426,  55.396,  26.293, 184.362,  51.212, 53,  0,   1.269,   8.927,   2.480, 255.000, 255.000,   0.000,   0.000,   0.000
14:41:13:227, 702793870126205,    7.011,   22.000, 4400,  28.209, 202.406,  56.224,  25.949, 187.104,  51.973, 56,  0,   1.299,   9.064,   2.518, 255.000, 255.000,   0.000,   0.000,   0.000
14:41:13:339, 702794283011252,    7.122,   23.000, 4300,  28.332, 205.571,  57.103,  26.311, 190.043,  52.790, 56,  0,   1.305,   9.210,   2.558, 255.000, 255.000,   0.000,   0.000,   0.000
14:41:13:456, 702794715858241,    7.239,   39.000, 4400,  28.928, 208.959,  58.044,  26.550, 193.152,  53.653, 54,  0,   1.309,   9.364,   2.601, 255.000, 255.000,   0.000,   0.000,   0.000
14:41:13:557, 702795088207508,    7.340,   22.000, 4400,  28.238, 211.804,  58.834,  26.248, 195.797,  54.388, 57,  0,   1.277,   9.492,   2.637, 255.000, 255.000,   0.000,   0.000,   0.000
14:41:13:666, 702795490004180,    7.449,   21.000, 4300,  27.759, 214.822,  59.673,  25.528, 198.572,  55.159, 54,  0,   1.264,   9.630,   2.675, 255.000, 255.000,   0.000,   0.000,   0.000
14:41:13:774, 702795891521617,    7.557,   21.000, 4400,  28.063, 217.870,  60.519,  25.791, 201.374,  55.937, 55,  0,   1.280,   9.769,   2.714, 255.000, 255.000,   0.000,   0.000,   0.000
14:41:13:883, 702796294595956,    7.667,   21.000, 4300,  28.135, 220.939,  61.372,  25.973, 204.206,  56.724, 54,  0,   1.263,   9.906,   2.752, 255.000, 255.000,   0.000,   0.000,   0.000
14:41:13:990, 702796687587926,    7.773,   36.000, 4400,  29.232, 224.047,  62.235,  27.136, 207.092,  57.525, 56,  0,   1.324,  10.047,   2.791, 255.000, 255.000,   0.000,   0.000,   0.000
14:41:14:100, 702797096789217,    7.884,   21.000, 4300,  28.166, 227.165,  63.101,  25.922, 209.961,  58.323, 51,  0,   1.270,  10.188,   2.830, 255.000, 255.000,   0.000,   0.000,   0.000
14:41:14:209, 702797496847221,    7.992,   23.000, 4300,  28.544, 230.255,  63.960,  26.440, 212.823,  59.118, 55,  0,   1.296,  10.328,   2.869, 255.000, 255.000,   0.000,   0.000,   0.000
14:41:14:320, 702797906760844,    8.103,   21.000, 4300,  27.974, 233.357,  64.821,  25.763, 215.681,  59.911, 55,  0,   1.296,  10.472,   2.909, 255.000, 255.000,   0.000,   0.000,   0.000
14:41:14:430, 702798313367643,    8.213,   21.000, 4300,  27.797, 236.415,  65.671,  25.612, 218.498,  60.694, 53,  0,   1.271,  10.612,   2.948, 255.000, 255.000,   0.000,   0.000,   0.000
14:41:14:538, 702798714121093,    8.321,   25.000, 4300,  28.296, 239.483,  66.523,  26.211, 221.341,  61.483, 56,  0,   1.301,  10.753,   2.987, 255.000, 255.000,   0.000,   0.000,   0.000
14:41:14:647, 702799115916540,    8.430,   21.000, 4300,  27.777, 242.503,  67.362,  25.563, 224.119,  62.255, 56,  0,   1.288,  10.893,   3.026, 255.000, 255.000,   0.000,   0.000,   0.000
14:41:14:751, 702799502146904,    8.534,   21.000, 4400,  28.068, 245.436,  68.177,  25.725, 226.808,  63.002, 56,  0,   1.278,  11.026,   3.063, 255.000, 255.000,   0.000,   0.000,   0.000
14:41:14:864, 702799918512490,    8.647,   22.000, 4300,  28.035, 248.594,  69.054,  26.015, 229.738,  63.816, 56,  0,   1.284,  11.171,   3.103, 255.000, 255.000,   0.000,   0.000,   0.000
14:41:14:972, 702800318541957,    8.755,   22.000, 4300,  28.280, 251.655,  69.904,  26.150, 232.569,  64.602, 53,  0,   1.282,  11.310,   3.142, 255.000, 255.000,   0.000,   0.000,   0.000
14:41:15:080, 702800717334138,    8.863,   24.000, 4300,  29.038, 254.788,  70.775,  26.830, 235.464,  65.407, 54,  0,   1.321,  11.452,   3.181, 255.000, 255.000,   0.000,   0.000,   0.000
14:41:15:203, 702801173680865,    8.987,   22.000, 4300,  28.414, 258.297,  71.749,  26.129, 238.690,  66.303, 56,  0,   1.286,  11.611,   3.225, 255.000, 255.000,   0.000,   0.000,   0.000
14:41:15:299, 702801527335291,    9.082,   21.000, 4400,  27.736, 260.950,  72.486,  25.868, 241.165,  66.990, 56,  0,   1.284,  11.734,   3.259, 255.000, 255.000,   0.000,   0.000,   0.000
14:41:15:409, 702801933218853,    9.192,   21.000, 4400,  27.951, 264.020,  73.339,  25.600, 243.976,  67.771, 51,  0,   1.291,  11.876,   3.299, 255.000, 255.000,   0.000,   0.000,   0.000
14:41:15:530, 702802380468292,    9.313,   24.000, 4300,  29.525, 267.593,  74.331,  27.345, 247.285,  68.690, 55,  0,   1.391,  12.044,   3.346, 255.000, 255.000,   0.000,   0.000,   0.000
14:41:15:640, 702802786183197,    9.423,   23.000, 4300,  28.839, 270.758,  75.211,  26.663, 250.212,  69.503, 52,  0,   1.363,  12.194,   3.387, 255.000, 255.000,   0.000,   0.000,   0.000
14:41:15:749, 702803191325367,    9.533,   22.000, 4300,  28.168, 273.846,  76.068,  25.816, 253.042,  70.289, 51,  0,   1.335,  12.340,   3.428, 255.000, 255.000,   0.000,   0.000,   0.000
14:41:15:857, 702803589243430,    9.640,   21.000, 4300,  28.275, 276.890,  76.914,  26.262, 255.869,  71.075, 52,  0,   1.332,  12.483,   3.468, 255.000, 255.000,   0.000,   0.000,   0.000
14:41:15:967, 702803996556296,    9.750,   22.000, 4300,  28.479, 280.029,  77.786,  26.108, 258.747,  71.874, 55,  0,   1.335,  12.630,   3.508, 255.000, 255.000,   0.000,   0.000,   0.000
14:41:16:074, 702804389806114,    9.857,   22.000, 4400,  28.443, 283.055,  78.626,  26.346, 261.550,  72.653, 53,  0,   1.323,  12.771,   3.548, 255.000, 255.000,   0.000,   0.000,   0.000
14:41:16:178, 702804774271465,    9.961,   22.000, 4400,  28.234, 285.992,  79.442,  26.017, 264.256,  73.404, 49,  0,   1.353,  12.912,   3.587, 255.000, 255.000,   0.000,   0.000,   0.000
14:41:16:283, 702805166276279,   10.067,   17.000, 1200,  11.078, 287.167,  79.769,   8.928, 265.203,  73.668, 47,  0,   1.202,  13.039,   3.622, 255.000, 255.000,   0.000,   0.000,   0.000
14:41:16:399, 702805590978727,   10.182,   14.000, 1600,   6.415, 287.904,  79.973,   4.297, 265.697,  73.805, 47,  0,   1.044,  13.159,   3.655, 255.000, 255.000,   0.000,   0.000,   0.000
14:41:16:508, 702805994210096,   10.291,    7.000, 1200,   7.805, 288.756,  80.210,   5.691, 266.318,  73.977, 45,  0,   0.992,  13.268,   3.685, 255.000, 255.000,   0.000,   0.000,   0.000
14:41:16:617, 702806397855400,   10.400,   17.000, 4300,   7.441, 289.568,  80.436,   5.339, 266.901,  74.139, 46,  0,   1.052,  13.383,   3.717, 255.000, 255.000,   0.000,   0.000,   0.000
14:41:16:670, 702806595803713,   10.454,   10.000, 4400,  14.165, 290.327,  80.646,  12.034, 267.545,  74.318, 47,  0,   1.133,  13.443,   3.734, 255.000, 255.000,   0.000,   0.000,   0.000

Total Elapsed Time (sec) = 10.453672
Measured RDTSC Frequency (GHz) = 3.696

Cumulative Processor Energy_0 (Joules) = 290.327026
Cumulative Processor Energy_0 (mWh) = 80.646396
Average Processor Power_0 (Watt) = 27.772731

Cumulative IA Energy_0 (Joules) = 267.545471
Cumulative IA Energy_0 (mWh) = 74.318186
Average IA Power_0 (Watt) = 25.593443

Cumulative DRAM Energy_0 (Joules) = 13.443237
Cumulative DRAM Energy_0 (mWh) = 3.734233
Average DRAM Power_0 (Watt) = 1.285982
